"Year","Recruitment","model"
1964,7658.93944489509,"IID"
1965,25885.4241957956,"IID"
1966,17754.7875855454,"IID"
1967,28781.900768514,"IID"
1968,23420.835278004,"IID"
1969,26432.5006040878,"IID"
1970,23042.7742348801,"IID"
1971,13967.879867998,"IID"
1972,11239.3017044155,"IID"
1973,24932.7781064595,"IID"
1974,18133.825857723,"IID"
1975,15620.5959698555,"IID"
1976,12544.3348708415,"IID"
1977,13599.671958963,"IID"
1978,25852.4723587439,"IID"
1979,61468.7729048871,"IID"
1980,29432.2159837131,"IID"
1981,33563.0888214216,"IID"
1982,18871.2720275655,"IID"
1983,51739.5404303099,"IID"
1984,14292.5442095614,"IID"
1985,32627.4666920478,"IID"
1986,12738.6802801212,"IID"
1987,7326.19536554245,"IID"
1988,5699.323007168,"IID"
1989,11814.7778975979,"IID"
1990,50177.3735176061,"IID"
1991,27168.9877154338,"IID"
1992,23501.3834838946,"IID"
1993,45852.4456226118,"IID"
1994,15832.0623091107,"IID"
1995,11120.0711505266,"IID"
1996,22563.9432869119,"IID"
1997,30207.2768967684,"IID"
1998,14879.3000802437,"IID"
1999,16130.2217650371,"IID"
2000,24662.4075687559,"IID"
2001,34441.1217522512,"IID"
2002,23035.321678383,"IID"
2003,14425.7066982366,"IID"
2004,6602.45407027424,"IID"
2005,4696.0522981327,"IID"
2006,11615.3296556362,"IID"
2007,25035.034823301,"IID"
2008,13603.4522192275,"IID"
2009,49641.6788197858,"IID"
2010,23218.0838843768,"IID"
2011,14259.3023891834,"IID"
2012,12330.3804251911,"IID"
2013,43463.5719464602,"IID"
2014,49669.6059633131,"IID"
2015,21291.5308014646,"IID"
2016,8156.08886313381,"IID"
2017,8248.54518795074,"IID"
2018,17093.1783938528,"IID"
2019,83104.3365037442,"IID"
2020,20774.5745803993,"IID"
2021,11096.6111982111,"IID"
2022,11004.8001065189,"IID"
2023,14997.6261172249,"IID"
2024,16747.166380596,"IID"
1964,7672.82309525408,"Random candidate-1 substitute"
1965,25941.6979380306,"Random candidate-1 substitute"
1966,17780.3396050866,"Random candidate-1 substitute"
1967,28824.4334846065,"Random candidate-1 substitute"
1968,23439.4539676538,"Random candidate-1 substitute"
1969,26444.9828566232,"Random candidate-1 substitute"
1970,23044.924369486,"Random candidate-1 substitute"
1971,13965.3140842854,"Random candidate-1 substitute"
1972,11232.4385164696,"Random candidate-1 substitute"
1973,24909.8527236358,"Random candidate-1 substitute"
1974,18116.66098692,"Random candidate-1 substitute"
1975,15608.6060524862,"Random candidate-1 substitute"
1976,12537.9086293518,"Random candidate-1 substitute"
1977,13594.6335905361,"Random candidate-1 substitute"
1978,25846.8291703203,"Random candidate-1 substitute"
1979,61458.1947951188,"Random candidate-1 substitute"
1980,29422.554237664,"Random candidate-1 substitute"
1981,33553.2212900242,"Random candidate-1 substitute"
1982,18790.248189473,"Random candidate-1 substitute"
1983,51743.4862249333,"Random candidate-1 substitute"
1984,14297.784034697,"Random candidate-1 substitute"
1985,32671.9544987423,"Random candidate-1 substitute"
1986,12760.705799901,"Random candidate-1 substitute"
1987,7312.41964405538,"Random candidate-1 substitute"
1988,5674.0018729406,"Random candidate-1 substitute"
1989,11817.5246940208,"Random candidate-1 substitute"
1990,50160.833300698,"Random candidate-1 substitute"
1991,27174.6992244224,"Random candidate-1 substitute"
1992,23491.3043996795,"Random candidate-1 substitute"
1993,45844.9821735598,"Random candidate-1 substitute"
1994,15846.4062323292,"Random candidate-1 substitute"
1995,11126.7454919146,"Random candidate-1 substitute"
1996,22554.6951339935,"Random candidate-1 substitute"
1997,30222.3312807192,"Random candidate-1 substitute"
1998,14884.4108196367,"Random candidate-1 substitute"
1999,16115.9817021379,"Random candidate-1 substitute"
2000,24651.9870466668,"Random candidate-1 substitute"
2001,34450.1505119508,"Random candidate-1 substitute"
2002,23054.2339406156,"Random candidate-1 substitute"
2003,14434.1748832122,"Random candidate-1 substitute"
2004,6599.79907778865,"Random candidate-1 substitute"
2005,4700.97381219261,"Random candidate-1 substitute"
2006,11612.2150971056,"Random candidate-1 substitute"
2007,25024.0420323281,"Random candidate-1 substitute"
2008,13615.1162651179,"Random candidate-1 substitute"
2009,49630.1314408217,"Random candidate-1 substitute"
2010,23205.6716042816,"Random candidate-1 substitute"
2011,14273.662463856,"Random candidate-1 substitute"
2012,12327.5421535867,"Random candidate-1 substitute"
2013,43470.644196285,"Random candidate-1 substitute"
2014,49666.5245982423,"Random candidate-1 substitute"
2015,21294.4784561495,"Random candidate-1 substitute"
2016,8142.21165060971,"Random candidate-1 substitute"
2017,8242.88101121807,"Random candidate-1 substitute"
2018,17061.8321121896,"Random candidate-1 substitute"
2019,82940.6404322264,"Random candidate-1 substitute"
2020,20718.732925944,"Random candidate-1 substitute"
2021,11053.7182006296,"Random candidate-1 substitute"
2022,10879.9273160913,"Random candidate-1 substitute"
2023,14943.2477746384,"Random candidate-1 substitute"
2024,16702.6346013874,"Random candidate-1 substitute"
1964,7702.09717179005,"Random candidate-2 substitute"
1965,26013.2608303394,"Random candidate-2 substitute"
1966,17841.2755425037,"Random candidate-2 substitute"
1967,28895.4936324876,"Random candidate-2 substitute"
1968,23487.5357621934,"Random candidate-2 substitute"
1969,26471.7651230916,"Random candidate-2 substitute"
1970,23045.5908278351,"Random candidate-2 substitute"
1971,13954.5219287853,"Random candidate-2 substitute"
1972,11221.4831460019,"Random candidate-2 substitute"
1973,24860.1732295298,"Random candidate-2 substitute"
1974,18086.7775339822,"Random candidate-2 substitute"
1975,15582.8686571774,"Random candidate-2 substitute"
1976,12522.2942035677,"Random candidate-2 substitute"
1977,13582.5223912528,"Random candidate-2 substitute"
1978,25831.7747568514,"Random candidate-2 substitute"
1979,61434.7503018122,"Random candidate-2 substitute"
1980,29423.5397009978,"Random candidate-2 substitute"
1981,33561.7538725578,"Random candidate-2 substitute"
1982,18960.2213103264,"Random candidate-2 substitute"
1983,51836.1568671693,"Random candidate-2 substitute"
1984,14252.8740764493,"Random candidate-2 substitute"
1985,32614.0432632065,"Random candidate-2 substitute"
1986,12758.6038093408,"Random candidate-2 substitute"
1987,7296.02314308236,"Random candidate-2 substitute"
1988,5709.38181328313,"Random candidate-2 substitute"
1989,11799.2604308875,"Random candidate-2 substitute"
1990,50126.6972144306,"Random candidate-2 substitute"
1991,27106.5683228694,"Random candidate-2 substitute"
1992,23490.1543123258,"Random candidate-2 substitute"
1993,45871.2210289884,"Random candidate-2 substitute"
1994,15853.7392095696,"Random candidate-2 substitute"
1995,11124.8701104754,"Random candidate-2 substitute"
1996,22564.7162732319,"Random candidate-2 substitute"
1997,30254.2529047589,"Random candidate-2 substitute"
1998,14888.0597046324,"Random candidate-2 substitute"
1999,16134.0515386528,"Random candidate-2 substitute"
2000,24669.148561041,"Random candidate-2 substitute"
2001,34425.9797916878,"Random candidate-2 substitute"
2002,23039.2200794389,"Random candidate-2 substitute"
2003,14432.3578896926,"Random candidate-2 substitute"
2004,6602.76666222993,"Random candidate-2 substitute"
2005,4686.82810439728,"Random candidate-2 substitute"
2006,11600.7740881235,"Random candidate-2 substitute"
2007,25045.4258444196,"Random candidate-2 substitute"
2008,13604.3781119195,"Random candidate-2 substitute"
2009,49624.5596592968,"Random candidate-2 substitute"
2010,23220.0759107268,"Random candidate-2 substitute"
2011,14219.7393822487,"Random candidate-2 substitute"
2012,12320.2911958088,"Random candidate-2 substitute"
2013,43429.6966338939,"Random candidate-2 substitute"
2014,49654.0899523396,"Random candidate-2 substitute"
2015,21284.9927659518,"Random candidate-2 substitute"
2016,8161.52924629738,"Random candidate-2 substitute"
2017,8281.52891974893,"Random candidate-2 substitute"
2018,16993.2768773358,"Random candidate-2 substitute"
2019,82782.1347927298,"Random candidate-2 substitute"
2020,20650.8001319594,"Random candidate-2 substitute"
2021,10944.6915783267,"Random candidate-2 substitute"
2022,10896.4768008354,"Random candidate-2 substitute"
2023,14895.1697243709,"Random candidate-2 substitute"
2024,16647.0262952015,"Random candidate-2 substitute"
1964,7718.38097943504,"Both random substitutes"
1965,26071.3365576768,"Both random substitutes"
1966,17868.4808420813,"Both random substitutes"
1967,28938.8447140846,"Both random substitutes"
1968,23506.5668996365,"Both random substitutes"
1969,26483.8167324285,"Both random substitutes"
1970,23047.066009961,"Both random substitutes"
1971,13952.4143473962,"Both random substitutes"
1972,11215.3246109889,"Both random substitutes"
1973,24835.6195046727,"Both random substitutes"
1974,18068.9566173783,"Both random substitutes"
1975,15570.5674539207,"Both random substitutes"
1976,12515.8313245385,"Both random substitutes"
1977,13577.3976670165,"Both random substitutes"
1978,25825.644310588,"Both random substitutes"
1979,61422.7678419292,"Both random substitutes"
1980,29413.0763864837,"Both random substitutes"
1981,33550.8137648749,"Both random substitutes"
1982,18876.6189192596,"Both random substitutes"
1983,51842.3464282492,"Both random substitutes"
1984,14257.66639406,"Both random substitutes"
1985,32660.7506546687,"Both random substitutes"
1986,12782.3142191624,"Both random substitutes"
1987,7280.98483952224,"Both random substitutes"
1988,5682.96153330424,"Both random substitutes"
1989,11801.8873383459,"Both random substitutes"
1990,50108.2514327887,"Both random substitutes"
1991,27111.3460639655,"Both random substitutes"
1992,23479.3265253963,"Both random substitutes"
1993,45863.7783136444,"Both random substitutes"
1994,15869.3560725896,"Both random substitutes"
1995,11132.0400241972,"Both random substitutes"
1996,22554.9919552285,"Both random substitutes"
1997,30271.1440507101,"Both random substitutes"
1998,14893.6572222341,"Both random substitutes"
1999,16119.1231609775,"Both random substitutes"
2000,24658.3135360327,"Both random substitutes"
2001,34435.2271507609,"Both random substitutes"
2002,23059.2986334035,"Both random substitutes"
2003,14441.4639439897,"Both random substitutes"
2004,6599.99600619013,"Both random substitutes"
2005,4691.8538741469,"Both random substitutes"
2006,11597.2199944202,"Both random substitutes"
2007,25034.0703048281,"Both random substitutes"
2008,13616.7437943416,"Both random substitutes"
2009,49612.1147967297,"Both random substitutes"
2010,23207.0754784317,"Both random substitutes"
2011,14234.1121631301,"Both random substitutes"
2012,12317.1287022729,"Both random substitutes"
2013,43436.5454973837,"Both random substitutes"
2014,49650.6453497488,"Both random substitutes"
2015,21288.0750254817,"Both random substitutes"
2016,8147.10482972335,"Both random substitutes"
2017,8276.38077885869,"Both random substitutes"
2018,16958.9778704664,"Both random substitutes"
2019,82607.2895823171,"Both random substitutes"
2020,20591.156602304,"Both random substitutes"
2021,10898.3828933306,"Both random substitutes"
2022,10766.1730168507,"Both random substitutes"
2023,14837.7065635752,"Both random substitutes"
2024,16601.2512036769,"Both random substitutes"
