Alt,Year,B,Catch,ABC,OFL,F,B_B35_percent
1,2025,3516.37,1350,2359.66,2878.31,0.187761,166.34435713914027
1,2026,2985.78132,1350,2116.2876,2570.31569,0.210052212,141.24448628371124
1,2027,2476.05076,1863.63231,1863.63231,2259.04877,0.35387,117.131323471671
1,2028,2115.30313,1308.09473,1308.09473,1582.95115,0.305901395,100.0659029949241
1,2029,2178.68367,1264.814647,1264.814647,1544.844253,0.303144643,103.06416403725798
1,2030,2320.98627,1364.760196,1364.760196,1670.752324,0.310817104,109.7958886612959
1,2031,2426.27178,1463.837406,1463.837406,1792.508008,0.318187798,114.77649379585696
1,2032,2497.97244,1530.66613,1530.66613,1874.003584,0.322084431,118.16834396923237
1,2033,2531.7054200000002,1563.698885,1563.698885,1913.095458,0.323025485,119.76410632429952
1,2034,2526.2532,1566.801007,1566.801007,1916.05545,0.32249073300000003,119.50618522075207
1,2035,2518.47252,1564.063183,1564.063183,1912.25822,0.322954993,119.13811467848679
1,2036,2504.41768,1554.18189,1554.18189,1899.574775,0.32219372,118.47324058261705
1,2037,2498.01219,1548.503966,1548.503966,1892.991324,0.321700225,118.17022437095241
1,2038,2510.9974,1550.955155,1550.955155,1896.3839329999998,0.321440265,118.7844988670284
2,2025,3516.37,1350,2359.66,2878.31,0.187761,166.34435713914027
2,2026,2985.78132,1350,2116.2876,2570.31569,0.210052212,141.24448628371124
2,2027,2476.05076,1863.63231,1863.63231,2259.04877,0.35387,117.131323471671
2,2028,2115.30313,1308.09473,1308.09473,1582.95115,0.305901395,100.0659029949241
2,2029,2178.68367,1264.814647,1264.814647,1544.844253,0.303144643,103.06416403725798
2,2030,2320.98627,1364.760196,1364.760196,1670.752324,0.310817104,109.7958886612959
2,2031,2426.27178,1463.837406,1463.837406,1792.508008,0.318187798,114.77649379585696
2,2032,2497.97244,1530.66613,1530.66613,1874.003584,0.322084431,118.16834396923237
2,2033,2531.7054200000002,1563.698885,1563.698885,1913.095458,0.323025485,119.76410632429952
2,2034,2526.2532,1566.801007,1566.801007,1916.05545,0.32249073300000003,119.50618522075207
2,2035,2518.47252,1564.063183,1564.063183,1912.25822,0.322954993,119.13811467848679
2,2036,2504.41768,1554.18189,1554.18189,1899.574775,0.32219372,118.47324058261705
2,2037,2498.01219,1548.503966,1548.503966,1892.991324,0.321700225,118.17022437095241
2,2038,2510.9974,1550.955155,1550.955155,1896.3839329999998,0.321440265,118.7844988670284
3,2025,3516.37,1350,1419.78,2878.31,0.187761,166.34435713914027
3,2026,2985.78132,1350,1282.97821,2570.31569,0.210052212,141.24448628371124
3,2027,2582.16327,1131.76743,1131.76743,2259.04877,0.198442,122.15105042314953
3,2028,2446.32088,1014.825137,1014.825137,1962.53604,0.198442,115.72493057887992
3,2029,2568.7947,1000.859039,1000.859039,1950.28955,0.198442,121.51864081252278
3,2030,2754.25154,1056.751266,1056.751266,2085.195493,0.198442,130.2918071251851
3,2031,2915.08111,1123.563925,1123.563925,2238.843549,0.198442,137.89996310155118
3,2032,3045.39798,1182.271042,1182.271042,2364.285874,0.198442,144.06469433419588
3,2033,3131.37264,1227.013067,1227.013067,2456.860937,0.198442,148.13178612145268
3,2034,3163.56321,1249.439954,1249.439954,2502.736519,0.198442,149.65458368615506
3,2035,3179.23117,1257.964576,1257.964576,2522.641909,0.198442,150.39576755869456
3,2036,3178.74262,1260.820508,1260.820508,2527.990827,0.198442,150.372656357177
3,2037,3177.83871,1261.452755,1261.452755,2529.2668869999998,0.198442,150.3298962585919
3,2038,3192.86433,1263.185998,1263.185998,2533.1192,0.198442,151.04069378544972
4,2025,3516.37,1350,1070.69,2878.31,0.187761,166.34435713914027
4,2026,2985.78132,1350,970.151019,2570.31569,0.210052212,141.24448628371124
4,2027,2619.13875,856.433892,856.433892,2259.04877,0.146054,123.90020152229755
4,2028,2585.00234,803.019057,803.019057,2103.43911,0.146054,122.28535462720743
4,2029,2769.53548,810.406147,810.406147,2143.90843,0.146054,131.01482466140942
4,2030,2999.16065,865.9203200000001,865.9203200000001,2308.77953,0.146054,141.87740490370925
4,2031,3198.95567,928.656804,928.656804,2488.676114,0.146054,151.32884891031313
4,2032,3363.19049,984.46156800000006,984.46156800000006,2640.478198,0.146054,159.0980926340289
4,2033,3479.0002,1029.435096,1029.435096,2758.080797,0.146054,164.5765524549295
4,2034,3535.30578,1055.403708,1055.403708,2825.722291,0.146054,167.24012753617706
4,2035,3568.67176,1068.039783,1068.039783,2859.016353,0.146054,168.81852869800514
4,2036,3580.43198,1074.617352,1074.617352,2875.42852,0.146054,169.3748541801685
4,2037,3587.53598,1077.931705,1077.931705,2886.078458,0.146054,169.7109138988888
4,2038,3607.59675,1080.659508,1080.659508,2895.3674929999997,0.146054,170.65990273947332
5,2025,3516.37,1350,0,2878.31,0.187761,166.34435713914027
5,2026,2985.78132,1350,0,2570.31569,0.210052212,141.24448628371124
5,2027,2725.57769,0,0,2259.04877,0,128.93537047461814
5,2028,3034.4683,0,0,2455.22185,0,143.54765813114088
5,2029,3487.74855,0,0,2721.70924,0,164.9903993074445
5,2030,3944.68314,0,0,3066.24662,0,186.6060116088197
5,2031,4363.27898,0,0,3413.13568,0,206.40798236443368
5,2032,4730.48034,0,0,3724.22049,0,223.77870107998925
5,2033,5038.56664,0,0,4002.17085,0,238.3529402860103
5,2034,5269.99313,0,0,4218.94615,0,249.30073323840656
5,2035,5451.60375,0,0,4373.78003,0,257.8919514075812
5,2036,5584.78169,0,0,4491.45732,0,264.1920275697641
5,2037,5690.34309,0,0,4582.42543,0,269.1856838749048
5,2038,5786.63038,0,0,4652.03942,0,273.74062188078017
6,2025,3516.37,1350,2878.31,2878.31,0.187761,166.34435713914027
6,2026,2798.86,2570.31569,2570.31569,2570.31569,0.450352,132.40204171416948
6,2027,2016.82974,1560.68323,1560.68323,1560.68323,0.372066406,95.40754999030234
6,2028,1830.69039,1210.006475,1210.006475,1210.006475,0.335055604,86.60209706184276
6,2029,1972.48103,1310.773783,1310.773783,1310.773783,0.353456768,93.30960305784069
6,2030,2131.78946,1477.391168,1477.391168,1477.391168,0.372195536,100.84580043615858
6,2031,2224.92333,1596.543315,1596.543315,1596.543315,0.38434969999999996,105.25156369003412
6,2032,2277.98129,1662.916228,1662.916228,1662.916228,0.390017509,107.76150782199811
6,2033,2296.00891,1683.145099,1683.145099,1683.145099,0.389993088,108.61431707120927
6,2034,2282.22872,1674.014879,1674.014879,1674.014879,0.388063768,107.96243548684666
6,2035,2271.79012,1665.814413,1665.814413,1665.814413,0.388240718,107.46863016873944
6,2036,2257.90559,1651.807554,1651.807554,1651.807554,0.386760923,106.81181270725813
6,2037,2253.23737,1646.927785,1646.927785,1646.927785,0.38625065,106.59097927537124
6,2038,2267.37003,1650.680492,1650.680492,1650.680492,0.38562958,107.25953470109893
7,2025,3516.37,1350,2878.31,2878.31,0.187761,166.34435713914027
7,2026,2872.29,2116.2876,2570.31569,2570.31569,0.35387,135.8756995330927
7,2027,2210.51794,1509.19131,1808.87927,1808.87927,0.32217972,104.57010657975032
7,2028,1977.0187,1423.87062,1423.87062,1423.87062,0.363346911,93.52426073011624
7,2029,2025.45177,1383.907946,1383.907946,1383.907946,0.362495583,95.81542118633244
7,2030,2148.12545,1500.926902,1500.926902,1500.926902,0.374673455,101.61858593790653
7,2031,2228.41754,1602.120217,1602.120217,1602.120217,0.384836633,105.4168597527804
7,2032,2277.84741,1662.968209,1662.968209,1662.968209,0.390006773,107.75517453439363
7,2033,2295.39784,1682.26348,1682.26348,1682.26348,0.389920632,108.58540997488069
7,2034,2281.86116,1673.44228,1673.44228,1673.44228,0.38801944,107.94504780241354
7,2035,2271.63316,1665.567308,1665.567308,1665.567308,0.38822161,107.46120506549475
7,2036,2257.85135,1651.723773,1651.723773,1651.723773,0.386754501,106.80924684589222
7,2037,2253.22109,1646.903442,1646.903442,1646.903442,0.386248733,106.59020913851585
7,2038,2267.36574,1650.675485,1650.675485,1650.675485,0.385629128,107.25933175963027
