Terminal_year,Year,Estimate,Standard_error,Lower_2SD,Upper_2SD
2015,1964,1378.013000006687,278.9433718645087,820.1262562776695,1935.8997437357043
2015,1965,1409.383738023629,276.68190898625915,856.0199200511106,1962.7475559961472
2015,1966,1435.3006550518458,287.5859717237666,860.1287116043126,2010.4725984993788
2015,1967,1549.033349816682,305.0555787987898,938.9221922191024,2159.1445074142616
2015,1968,1718.3938395692223,344.3248973955181,1029.744044778186,2407.0436343602587
2015,1969,1942.100767111025,380.8998380214069,1180.3010910682115,2703.9004431538388
2015,1970,2050.518256603651,386.4689302672395,1277.580396069172,2823.45611713813
2015,1971,2160.52678686878,399.09836067261205,1362.3300655235562,2958.723508214004
2015,1972,2017.8465654894603,369.3874333818495,1279.0716987257613,2756.6214322531596
2015,1973,1734.3298531402684,339.42277152752723,1055.484310085214,2413.1753961953227
2015,1974,1328.840467573782,298.99776346714697,730.8449406394881,1926.835994508076
2015,1975,1237.0521320135979,269.9819288720629,697.0882742694721,1777.0159897577237
2015,1976,1158.5244287549533,206.6553101094369,745.2138085360796,1571.835048973827
2015,1977,1355.1839064213016,199.90428161343365,955.3753431944342,1754.992469648169
2015,1978,1212.7935152189516,165.34292126382817,882.1076726912952,1543.479357746608
2015,1979,1130.2996787347513,141.49139466443688,847.3168894058775,1413.282468063625
2015,1980,1353.6485187426658,135.7740243583881,1082.1004700258895,1625.1965674594421
2015,1981,2060.5602087417465,138.8657116048156,1782.8287855321153,2338.291631951378
2015,1982,2844.2337428945107,160.88865479702991,2522.456433300451,3166.0110524885704
2015,1983,3800.9858938910143,202.89004586442329,3395.205802162168,4206.765985619861
2015,1984,3943.2192992418136,207.85074830534768,3527.5178026311182,4358.920795852509
2015,1985,4494.607102735198,212.0126723453021,4070.581758044594,4918.632447425803
2015,1986,4372.842771176557,190.14416859856877,3992.5544339794196,4753.131108373695
2015,1987,4390.897358469786,170.80786997505123,4049.2816185196834,4732.513098419889
2015,1988,4140.5655092723655,147.95533879611182,3844.654831680142,4436.476186864589
2015,1989,3602.601438401306,130.70485399944997,3341.191730402406,3864.011146400206
2015,1990,3085.875536420954,120.95949225205817,2843.9565519168377,3327.7945209250706
2015,1991,2529.1969961686054,111.42744832892446,2306.3420995107567,2752.051892826454
2015,1992,2398.8655385051143,98.18275980160104,2202.500018901912,2595.2310581083166
2015,1993,3094.260729307971,110.20684727631834,2873.8470347553343,3314.6744238606075
2015,1994,3576.0729524381786,123.24549656427402,3329.5819593096307,3822.5639455667265
2015,1995,3828.0282276741386,128.19967701330455,3571.6288736475294,4084.427581700748
2015,1996,3772.6750908256754,126.09993506398226,3520.475220697711,4024.87496095364
2015,1997,3682.1228780062124,125.78083528031783,3430.5612074455767,3933.684548566848
2015,1998,3144.2010462750104,109.13897122546507,2925.9231038240805,3362.4789887259403
2015,1999,3271.0523040581907,107.99845290216383,3055.055398253863,3487.049209862518
2015,2000,3143.0303053936636,100.58382566716863,2941.8626540593264,3344.197956728001
2015,2001,3188.2521353436073,101.74642203864047,2984.7592912663263,3391.7449794208883
2015,2002,2975.5684374331695,95.62526278024933,2784.3179118726707,3166.8189629936683
2015,2003,2999.1888437383527,92.06209360774288,2815.064656522867,3183.3130309538383
2015,2004,3304.113889887497,97.40676722407082,3109.3003554393554,3498.9274243356385
2015,2005,2920.8997803002744,89.39030754783919,2742.119165204596,3099.680395395953
2015,2006,2696.743170795161,89.35251392193203,2518.038142951297,2875.448198639025
2015,2007,2256.106134349895,85.95255180859567,2084.2010307327037,2428.0112379670863
2015,2008,1775.5064003569817,79.28712656142449,1616.9321472341326,1934.0806534798307
2015,2009,1921.4949223333117,91.49115657295644,1738.5126091873988,2104.4772354792244
2015,2010,2023.6488228222702,104.74191729615877,1814.1649882299525,2233.132657414588
2015,2011,2716.9407941680934,151.00641243630122,2414.927969295491,3018.9536190406957
2015,2012,3649.679524673613,230.75444920873622,3188.17062625614,4111.1884230910855
2015,2013,4429.721173287898,321.69888548296643,3786.3234023219647,5073.118944253831
2015,2014,4543.90454206432,381.0863838479531,3781.7317743684134,5306.077309760226
2015,2015,4522.49778310103,443.4631130390795,3635.5715570228713,5409.424009179189
2016,1964,1357.1684726991225,276.2187537492777,804.7309652005671,1909.605980197678
2016,1965,1388.3311834974768,274.434275489499,839.4626325184788,1937.1997344764748
2016,1966,1414.0495770187229,285.53687879055286,842.9758194376171,1985.1233345998285
2016,1967,1527.81137280158,303.0664118456553,921.6785491102695,2133.9441964928906
2016,1968,1697.2469018306676,342.2742014793102,1012.6984988720473,2381.795304789288
2016,1969,1921.4373731693527,378.7180787531998,1164.0012156629532,2678.873530675752
2016,1970,2031.7068392354195,384.3294616499815,1263.0479159354563,2800.3657625353826
2016,1971,2143.1475030820707,396.9534386674536,1349.2406257471634,2937.054380416978
2016,1972,2002.912383998705,367.2157365407348,1268.4809109172356,2737.3438570801745
2016,1973,1721.3554159263226,337.39748270809395,1046.5604505101346,2396.1503813425106
2016,1974,1317.5159756210664,297.1854398909802,723.145095839106,1911.8868554030269
2016,1975,1226.8204593164535,268.2352206678372,690.3500179807791,1763.290900652128
2016,1976,1150.6669515752892,205.13725867880848,740.3924342176722,1560.9414689329062
2016,1977,1348.3508787891897,198.55172333996697,951.2474321092557,1745.4543254691237
2016,1978,1207.5656150909037,164.25651387127678,879.0525873483502,1536.0786428334573
2016,1979,1126.058532648959,140.6461084865241,844.7663156759108,1407.3507496220072
2016,1980,1349.4012738773438,135.1043955947198,1079.1924826879042,1619.6100650667834
2016,1981,2056.0724374403335,138.50189547735604,1779.0686464856215,2333.0762283950457
2016,1982,2839.874193701437,161.09983258887752,2517.674528523682,3162.073858879192
2016,1983,3795.164865132387,203.51541927047495,3388.1340265914373,4202.195703673337
2016,1984,3934.3882267300637,208.294461002952,3517.79930472416,4350.977148735968
2016,1985,4480.5376200706705,211.84415091791948,4056.8493182348316,4904.225921906509
2016,1986,4356.448914583607,189.3834248010587,3977.6820649814895,4735.215764185725
2016,1987,4372.591047227922,169.53314312711905,4033.524760973684,4711.6573334821605
2016,1988,4121.783291775177,146.39545503968276,3828.992381695811,4414.5742018545425
2016,1989,3584.254192778089,129.06978710078496,3326.114618576519,3842.3937669796587
2016,1990,3067.6026119204685,119.28871638247914,2829.02517915551,3306.1800446854268
2016,1991,2511.117325605169,109.7696241143946,2291.5780773763795,2730.656573833958
2016,1992,2381.4803973686767,96.61407600651373,2188.2522453556494,2574.708549381704
2016,1993,3075.0965997377307,108.60353573766089,2857.889528262409,3292.3036712130524
2016,1994,3555.6395777437306,121.62744855223576,3312.384680639259,3798.894474848202
2016,1995,3806.291754409907,126.53965437276395,3553.2124456643787,4059.371063155435
2016,1996,3750.5109141201956,124.46125947413155,3501.5883951719325,3999.4334330684587
2016,1997,3659.402986791666,124.15324674974772,3411.0964932921706,3907.7094802911615
2016,1998,3123.3551591206215,107.67529829422486,2908.004562532172,3338.705755709071
2016,1999,3248.9396380655735,106.49375639335275,3035.952125278868,3461.927150852279
2016,2000,3121.352326401151,99.13709601986741,2923.0781343614162,3319.626518440886
2016,2001,3165.1916482286633,100.21800741234652,2964.7556334039705,3365.627663053356
2016,2002,2952.2993642586657,94.0220660135687,2764.255232231528,3140.343496285803
2016,2003,2975.5020561968063,90.29485481056697,2794.9123465756725,3156.09176581794
2016,2004,3278.9681496015337,95.34878122579578,3088.270587149942,3469.6657120531254
2016,2005,2897.805558920565,87.2708210363255,2723.263916847914,3072.347200993216
2016,2006,2673.855581546635,86.92196224261801,2500.011657061399,2847.6995060318714
2016,2007,2234.1705261824113,83.22308750743188,2067.7243511675474,2400.6167011972752
2016,2008,1754.9906251975276,76.20090232716804,1602.5888205431916,1907.3924298518637
2016,2009,1888.7549683865077,85.84283253887614,1717.0693033087555,2060.44063346426
2016,2010,1971.171587856938,94.53393142801715,1782.1037250009038,2160.2394507129725
2016,2011,2573.990002680261,127.08477001951715,2319.8204626412266,2828.1595427192956
2016,2012,3369.0789926371326,181.18022920042844,3006.718534236276,3731.4394510379893
2016,2013,4017.2268072127376,243.44496124798442,3530.336884716769,4504.116729708707
2016,2014,4089.4945565191106,284.8150660496185,3519.8644244198736,4659.124688618347
2016,2015,4142.035516140615,327.77631542473296,3486.482885291149,4797.588146990081
2016,2016,4508.951901156656,423.5430573581061,3661.865786440444,5356.0380158728685
2017,1964,1349.6511489901538,280.48590115171413,788.6793466867256,1910.622951293582
2017,1965,1381.2323563232226,279.73875760644063,821.7548411103413,1940.709871536104
2017,1966,1407.4590189119226,291.1492740240697,825.1604708637832,1989.757566960062
2017,1967,1521.6490639075303,308.1030175037553,905.4430289000196,2137.855098915041
2017,1968,1691.3780764275834,345.9729699896742,999.432136448235,2383.324016406932
2017,1969,1915.8373803727268,380.9258988413612,1153.9855826900043,2677.6891780554492
2017,1970,2026.6675297173133,385.26399426686925,1256.1395411835747,2797.195518251052
2017,1971,2138.577650221255,397.09335524880544,1344.3909397236444,2932.764360718866
2017,1972,1999.083544376626,366.95721660877877,1265.1691111590685,2732.9979775941833
2017,1973,1718.1504674731354,337.1978358494751,1043.7547957741854,2392.5461391720855
2017,1974,1314.8622461610719,297.15857851156903,720.5450891379338,1909.17940318421
2017,1975,1224.802292496256,268.3736027683189,688.0550869596183,1761.549498032894
2017,1976,1149.8572710350077,205.32759431044187,739.2020824141239,1560.5124596558915
2017,1977,1349.1433177235488,198.92204963615774,951.2992184512333,1746.9874169958644
2017,1978,1209.7162024361396,164.70705530969695,880.3020918167457,1539.1303130555334
2017,1979,1129.5572959097929,141.16823199941467,847.2208319109635,1411.893759908622
2017,1980,1354.7805883054887,135.65692116878014,1083.4667459679283,1626.094430643049
2017,1981,2063.0838464262124,138.91552268086292,1785.2528010644864,2340.9148917879384
2017,1982,2846.706176876785,161.45480978869662,2523.7965572993917,3169.615796454178
2017,1983,3798.3629250974354,203.90667458156977,3390.5495759342957,4206.176274260575
2017,1984,3932.5914633137295,208.50427771088815,3515.5829078919533,4349.600018735506
2017,1985,4474.510829638546,211.69830654013447,4051.114216558277,4897.907442718815
2017,1986,4348.889948838935,188.96111197028353,3970.967724898368,4726.812172779502
2017,1987,4364.002391154213,168.86586120205936,4026.270668750094,4701.734113558332
2017,1988,4113.209392223995,145.59601975984467,3822.0173527043053,4404.401431743684
2017,1989,3576.0543146895106,128.2346390772975,3319.5850365349156,3832.5235928441057
2017,1990,3059.5689882202214,118.43160879057903,2822.7057706390633,3296.4322058013795
2017,1991,2503.334826522267,108.91281899275458,2285.509188536758,2721.1604645077764
2017,1992,2374.046536225608,95.77760007983902,2182.4913360659302,2565.601736385286
2017,1993,3066.788589053285,107.71720803323394,2851.354172986817,3282.2230051197525
2017,1994,3546.574496041018,120.71461390268614,3305.1452682356457,3788.00372384639
2017,1995,3796.5467504572875,125.58984062347939,3545.3670692103287,4047.7264317042464
2017,1996,3740.628546506544,123.52151288843699,3493.58552072967,3987.671572283418
2017,1997,3649.442749223834,123.22887098880612,3402.985007246222,3895.9004912014466
2017,1998,3114.4857408293756,106.8553268480761,2900.775087133223,3328.196394525528
2017,1999,3239.9441575921855,105.67159006951725,3028.6009774531512,3451.28733773122
2017,2000,3112.8935859956982,98.36885517157229,2916.1558756525537,3309.6312963388427
2017,2001,3156.6100412403916,99.4326769617949,2957.744687316802,3355.4753951639814
2017,2002,2944.016311466701,93.21614534092623,2757.5840207848487,3130.4486021485536
2017,2003,2967.34101014873,89.40254819691616,2788.535913754898,3146.1461065425624
2017,2004,3270.4424967870586,94.27118651827203,3081.9001237505145,3458.984869823603
2017,2005,2890.072631996572,86.11042886172771,2717.8517742731165,3062.2934897200275
2017,2006,2666.3709812995153,85.51303458378233,2495.3449121319504,2837.39705046708
2017,2007,2227.301558868529,81.53929368164762,2064.2229715052335,2390.3801462318243
2017,2008,1749.3255206168537,74.1274375183928,1601.0706455800682,1897.5803956536392
2017,2009,1879.3369726110702,81.69914118993987,1715.9386902311905,2042.73525499095
2017,2010,1955.6790073987097,87.0906345795668,1781.4977382395762,2129.8602765578435
2017,2011,2532.822084658182,114.91708492936974,2302.9879147994425,2762.6562545169218
2017,2012,3287.4655031130496,162.0956319103805,2963.2742392922887,3611.6567669338106
2017,2013,3911.982525313055,216.34447063638655,3479.2935840402815,4344.671466585828
2017,2014,3995.6616847587266,253.7435344353654,3488.174615887996,4503.148753629457
2017,2015,4061.3061805928983,303.6160699083852,3454.0740407761277,4668.538320409669
2017,2016,4446.064323967305,392.60155695269293,3660.8612100619193,5231.2674378726915
2017,2017,4761.63313492922,484.48764193762213,3792.657851053976,5730.608418804464
2018,1964,1330.6814266366778,277.03502626793653,776.6113741008047,1884.7514791725507
2018,1965,1362.9327333472338,276.6409682529994,809.650796841235,1916.2146698532326
2018,1966,1389.672257472395,288.2978437728298,813.0765699267353,1966.2679450180544
2018,1967,1504.2360543240018,305.44048604544645,893.3550822331089,2115.1170264148946
2018,1968,1674.1442662634217,343.5316294056554,987.081007452111,2361.2075250747325
2018,1969,1899.0784398448807,378.69757730941075,1141.683285226059,2656.4735944637023
2018,1970,2011.5985992132494,383.3600044310893,1244.8785903510707,2778.318608075428
2018,1971,2125.005213119843,395.3652992229337,1334.2746146739757,2915.7358115657107
2018,1972,1987.915098346222,365.3382824728263,1257.2385334005694,2718.5916632918747
2018,1973,1708.9921413544248,335.78740481731626,1037.4173317197924,2380.566950989057
2018,1974,1307.390546872321,296.02434028205494,715.3418663082111,1899.4392274364309
2018,1975,1219.1555239695947,267.5232304510579,684.1090630674789,1754.2019848717105
2018,1976,1147.4479167260051,204.97669859724593,737.4945195315133,1557.401313920497
2018,1977,1350.648807797024,199.37615184540797,951.8965041062079,1749.40111148784
2018,1978,1214.2611243614836,165.64798539239007,882.9651535767034,1545.5570951462637
2018,1979,1136.5965977770866,142.4810061368201,851.6345855034464,1421.5586100507267
2018,1980,1364.4049864504782,137.2900656690601,1089.824855112358,1638.9851177885985
2018,1981,2073.2765799057065,141.08422375209335,1791.10813240152,2355.445027409893
2018,1982,2852.8993971478935,164.51921282981493,2523.8609714882637,3181.9378228075234
2018,1983,3789.168002530952,207.53080900267145,3374.106384525609,4204.2296205362945
2018,1984,3905.2890773791123,211.1112262205665,3483.066624937979,4327.511529820245
2018,1985,4429.474952865604,212.59601073362342,4004.282931398357,4854.666974332851
2018,1986,4299.395028853739,188.33971605014995,3922.715596753439,4676.074460954039
2018,1987,4312.185986213296,166.98699808646512,3978.211990040366,4646.159982386226
2018,1988,4063.4969821770696,142.94385628720892,3777.6092696026517,4349.384694751488
2018,1989,3529.8313382199894,125.25825042494503,3279.314837370099,3780.3478390698797
2018,1990,3015.32185435058,115.28142350407562,2784.759007342429,3245.884701358731
2018,1991,2461.2891332979007,105.75933900024805,2249.7704552974046,2672.8078112983967
2018,1992,2334.957497178559,92.81107707492389,2149.3353430287116,2520.5796513284067
2018,1993,3024.4207905724015,104.72832002351636,2814.964150525369,3233.877430619434
2018,1994,3500.933233766126,117.73458143120858,3265.4640709037085,3736.402396628543
2018,1995,3747.4494125618708,122.63898816226686,3502.171436237337,3992.7273888864047
2018,1996,3690.6308902553637,120.73629784604717,3449.1582945632695,3932.103485947458
2018,1997,3598.7509920154084,120.57997409631854,3357.5910438227716,3839.9109402080453
2018,1998,3069.0093419237814,104.57687541398988,2859.8555910958016,3278.1630927517613
2018,1999,3193.23889577167,103.47318943458772,2986.2925169024943,3400.1852746408454
2018,2000,3068.314047619699,96.35487080713342,2875.604306005432,3261.023789233966
2018,2001,3110.4963107293197,97.39615655979948,2915.7039976097208,3305.2886238489186
2018,2002,2898.7219010996346,91.18583338554691,2716.350234328541,3081.0935678707283
2018,2003,2922.163775729958,87.33477109824153,2747.494233533475,3096.8333179264414
2018,2004,3222.691695370205,92.05514098663627,3038.5814133969325,3406.801977343477
2018,2005,2845.6681706565573,83.89779374220365,2677.87258317215,3013.4637581409647
2018,2006,2621.3088554379624,82.96870201778944,2455.3714514023836,2787.246259473541
2018,2007,2183.065615998406,78.59957104567681,2025.8664739070523,2340.2647580897597
2018,2008,1706.4146550508558,70.74338848958666,1564.9278780716825,1847.9014320300291
2018,2009,1821.4572893905386,76.44088962824611,1668.5755101340465,1974.3390686470307
2018,2010,1879.9522412075253,79.57072743870502,1720.8107863301152,2039.0936960849353
2018,2011,2385.6807471091843,101.00661053801609,2183.667526033152,2587.6939681852164
2018,2012,3034.1896970644384,136.01660902152534,2762.156479021388,3306.222915107489
2018,2013,3574.528697127345,176.48413197771836,3221.5604331719082,3927.4969610827816
2018,2014,3647.280592090478,205.46329401606818,3236.3540040583416,4058.2071801226143
2018,2015,3638.275956410355,233.99016718476136,3170.2956220408323,4106.256290779877
2018,2016,3964.910522328209,295.90897734578743,3373.092567636634,4556.728477019784
2018,2017,4243.648597339689,368.4239035198727,3506.800790299944,4980.496404379434
2018,2018,3745.353666802691,379.3344485807105,2986.6847696412697,4504.022563964112
2019,1964,1330.695700434395,276.26334599651204,778.1690084413708,1883.222392427419
2019,1965,1361.3621103509417,275.43378747135336,810.494535408235,1912.2296852936483
2019,1966,1387.0320003705167,286.75463207865704,813.5227362132026,1960.5412645278307
2019,1967,1500.712070786634,303.66768757896654,893.376695628701,2108.0474459445672
2019,1968,1669.704446240434,341.54729731024827,986.6098516199374,2352.7990408609303
2019,1969,1893.6605755079595,376.54317226968624,1140.574230968587,2646.746920047332
2019,1970,2005.3951903413035,381.1556594141754,1243.0838715129528,2767.706509169654
2019,1971,2117.569850385834,392.9784660987631,1331.6129181883077,2903.52678258336
2019,1972,1979.4491970672211,362.8021888766841,1253.844819313853,2705.0535748205893
2019,1973,1699.4080457855778,333.04905121358667,1033.3099433584043,2365.506148212751
2019,1974,1296.9494774273292,293.1274737693649,710.6945298885994,1883.204424966059
2019,1975,1205.6731421311242,263.90948614861134,677.8541698339016,1733.492114428347
2019,1976,1130.228000275145,200.70353801541413,728.8209242443168,1531.6350763059731
2019,1977,1322.6867350394643,193.33083924398736,936.0250565514896,1709.348413527439
2019,1978,1180.273610405019,159.21762448606134,861.8383614328964,1498.7088593771418
2019,1979,1095.05809463038,135.84893015488555,823.3602343206089,1366.7559549401512
2019,1980,1307.1687872017317,130.33653194245736,1046.495723316817,1567.8418510866463
2019,1981,1993.5249976119637,134.61993743278467,1724.2851227463943,2262.764872477533
2019,1982,2757.571051059983,158.63779105566977,2440.2954689486432,3074.8466331713225
2019,1983,3688.161957077468,201.3850007768825,3285.391955523703,4090.9319586312326
2019,1984,3821.5681399573277,205.74809751489695,3410.071944927534,4233.064334987122
2019,1985,4357.776310843995,208.1360661791382,3941.5041784857185,4774.048443202271
2019,1986,4241.902075450553,185.02604423605501,3871.8499869784428,4611.954163922663
2019,1987,4264.341716039381,164.33881620780252,3935.664083623776,4593.019348454986
2019,1988,4023.488580004697,140.54845275265095,3742.391674499395,4304.585485509999
2019,1989,3496.1962590290364,122.98903395250018,3250.218191124036,3742.174326934037
2019,1990,2985.351941426361,112.99917108464336,2759.353599257074,3211.350283595648
2019,1991,2433.75464186405,103.46758140901437,2226.819479046021,2640.689804682079
2019,1992,2309.3239854841304,90.58347625672766,2128.157032970675,2490.4909379975857
2019,1993,2996.0322161624913,102.38256442487987,2791.2670873127317,3200.797345012251
2019,1994,3469.758441189086,115.31969789099786,3239.1190454070907,3700.3978369710817
2019,1995,3713.4597534001355,120.15865752748226,3473.142438345171,3953.7770684551
2019,1996,3655.7876603890345,118.32056066737461,3419.1465390542853,3892.4287817237837
2019,1997,3563.412108584715,118.230420427032,3326.951267730651,3799.872949438779
2019,1998,3037.470950300839,102.51693185117927,2832.43708659848,3242.5048140031977
2019,1999,3161.1852315500487,101.44176877384966,2958.3016940023494,3364.068769097748
2019,2000,3038.102081364885,94.47509459902965,2849.1518921668257,3227.0522705629446
2019,2001,3079.735432271295,95.48212665317568,2888.7711789649434,3270.6996855776465
2019,2002,2868.975595754198,89.23274926567088,2690.510097222856,3047.4410942855397
2019,2003,2893.0009970019914,85.22570170973026,2722.549593582531,3063.452400421452
2019,2004,3192.445775604457,89.6211395422357,3013.203496519986,3371.6880546889283
2019,2005,2818.0061248321313,81.40795016362003,2655.1902245048914,2980.822025159371
2019,2006,2593.774413202669,80.16203095073035,2433.4503513012087,2754.0984751041296
2019,2007,2156.504647746508,75.54732440380741,2005.4099989388933,2307.5992965541227
2019,2008,1681.003661581382,67.57303921482041,1545.8575831517412,1816.1497400110227
2019,2009,1788.0112816969165,72.52785895142114,1642.9555637940744,1933.0669995997587
2019,2010,1835.8616268090113,74.86932070153516,1686.122985405941,1985.6002682120816
2019,2011,2298.926392235367,93.10947354014873,2112.7074451550698,2485.1453393156644
2019,2012,2883.716593892351,122.38403082949107,2638.9485322333685,3128.484655551333
2019,2013,3370.1408952389916,156.7976807877202,3056.5455336635514,3683.7362568144317
2019,2014,3419.205107544527,183.00550124438433,3053.1941050557584,3785.2161100332955
2019,2015,3400.668454520197,220.68514449798076,2959.2981655242356,3842.0387435161583
2019,2016,3915.3759004561116,316.7801028496414,3281.8156947568286,4548.936106155395
2019,2017,4504.699857660194,434.5899986776486,3635.5198603048966,5373.879855015491
2019,2018,4221.3235085434835,468.1611070441499,3285.0012944551836,5157.645722631783
2019,2019,4075.7290486047154,518.6275580529613,3038.473932498793,5112.984164710638
2020,1964,1331.2603083656263,276.386183781745,778.4879408021363,1884.0326759291163
2020,1965,1361.9364704944676,275.5185422099738,810.89938607452,1912.9735549144152
2020,1966,1387.6915691206746,286.82973357391614,814.0321019728423,1961.351036268507
2020,1967,1501.4921173735872,303.74541235226417,894.0012926690589,2108.9829420781157
2020,1968,1670.6310175618166,341.6489364226553,987.333144716506,2353.9288904071273
2020,1969,1894.665931549955,376.67116018068344,1141.323611188588,2648.008251911322
2020,1970,2006.3371991541858,381.2742730833793,1243.7886529874272,2768.8857453209444
2020,1971,2118.4180260196267,393.07124417141284,1332.275537676801,2904.5605143624525
2020,1972,1980.107170596578,362.84137969732797,1254.424411201922,2705.789929991234
2020,1973,1699.9202314143195,333.0271022738597,1033.8660268666,2365.974435962039
2020,1974,1297.3685972031378,293.06275814806264,711.2430809070125,1883.4941134992632
2020,1975,1205.954698670886,263.81083536054945,678.3330279497872,1733.5763693919848
2020,1976,1130.2479995147528,200.58655726593952,729.0748849828738,1531.4211140466318
2020,1977,1322.3893518218026,193.18486004527864,936.0196317312453,1708.75907191236
2020,1978,1179.7681440716024,159.11729747405934,861.5335491234837,1498.002739019721
2020,1979,1094.2614360775412,135.82932965187254,822.6027767737962,1365.9200953812863
2020,1980,1305.6035565668515,130.46543496703333,1044.672686632785,1566.534426500918
2020,1981,1990.3462102625085,135.1460895106611,1720.0540312411863,2260.6383892838307
2020,1982,2752.387046527025,159.58568818328453,2433.2156701604563,3071.558422893594
2020,1983,3679.1348712230883,202.49464089730407,3274.14558942848,4084.1241530176967
2020,1984,3810.424197990979,206.5579709353293,3397.30825612032,4223.540139861638
2020,1985,4344.2993766584095,208.55834287854486,3927.18269090132,4761.416062415499
2020,1986,4228.2363041397775,185.09839972309882,3858.03950469358,4598.433103585975
2020,1987,4249.935210963341,164.09170732717158,3921.7517963089977,4578.118625617684
2020,1988,4009.100792575342,140.03315095064562,3729.0344906740506,4289.167094476633
2020,1989,3482.274924454891,122.31460310873598,3237.645718237419,3726.904130672363
2020,1990,2971.536496694749,112.22987380615089,2747.0767490824473,3195.996244307051
2020,1991,2420.182371044086,102.6788523391421,2214.8246663658015,2625.54007572237
2020,1992,2296.4599268938528,89.85774992423114,2116.7444270453907,2476.175426742315
2020,1993,2982.058040257163,101.67715979305662,2778.7037206710497,3185.4123598432766
2020,1994,3454.87646568419,114.63287672367673,3225.6107122368367,3684.1422191315432
2020,1995,3697.6135643775906,119.50753440327644,3458.598495571038,3936.6286331841434
2020,1996,3639.75072232871,117.73457047319472,3404.2815813823204,3875.219863275099
2020,1997,3547.2483870738,117.69419189636577,3311.8600032810687,3782.6367708665316
2020,1998,3023.0512732407747,102.07372530685183,2818.903822627071,3227.1987238544784
2020,1999,3146.5274616560514,101.03941940278514,2944.448622850481,3348.6063004616217
2020,2000,3024.272142613196,94.12213475957543,2836.0278730940454,3212.516412132347
2020,2001,3065.617475684238,95.13345134441818,2875.3505729954013,3255.8843783730745
2020,2002,2855.2413347942825,88.88516405077497,2677.4710066927323,3033.0116628958326
2020,2003,2879.366362681003,84.8595662502692,2709.6472301804647,3049.0854951815413
2020,2004,3178.041016452903,89.19486113239631,2999.6512941881106,3356.4307387176955
2020,2005,2804.5858335069984,80.95011294375718,2642.685607619484,2966.4860593945127
2020,2006,2580.093257398735,79.60416894055071,2420.884919517634,2739.3015952798364
2020,2007,2142.942000759539,74.88157717789457,1993.17884640375,2292.705155115328
2020,2008,1667.7684069286747,66.81108505618874,1534.1462368162972,1801.3905770410522
2020,2009,1770.816699127461,71.44576913420386,1627.9251608590534,1913.7082373958688
2020,2010,1814.1737395777834,73.47461492414003,1667.2245097295033,1961.1229694260635
2020,2011,2259.4449927401406,91.10932261249435,2077.2263475151517,2441.6636379651295
2020,2012,2827.1414503347037,120.35149869833168,2586.4384529380404,3067.844447731367
2020,2013,3313.691372091954,156.2730562835255,3001.145259524903,3626.2374846590046
2020,2014,3388.7386181263205,185.48388469745893,3017.7708487314026,3759.7063875212384
2020,2015,3428.1092931303324,228.4310913925607,2971.247110345211,3884.971475915454
2020,2016,4038.472876097281,332.54872177542336,3373.3754325464342,4703.570319648128
2020,2017,4727.137985122837,458.00862300001796,3811.120739122801,5643.1552311228725
2020,2018,4466.2163163954465,492.34430785357944,3481.5277006882875,5450.904932102605
2020,2019,4337.739267730271,544.303924090602,3249.1314195490677,5426.347115911475
2020,2020,3352.7530795281436,469.49144460824846,2413.7701903116467,4291.735968744641
2021,1964,1322.9881581600953,273.7505629742759,775.4870322115435,1870.489284108647
2021,1965,1353.4017441157878,272.8578466647337,807.6860507863204,1899.1174374452553
2021,1966,1378.2861950511772,283.9372009070763,810.4117932370245,1946.1605968653298
2021,1967,1490.4542123393028,300.4706755339989,889.512861271305,2091.3955634073004
2021,1968,1657.5419911662323,338.0680972122782,981.4057967416759,2333.6781855907884
2021,1969,1880.0724150158492,372.99424685668055,1134.083921302488,2626.0609087292105
2021,1970,1991.7106234429643,377.80569465233935,1236.0992341382857,2747.322012747643
2021,1971,2103.5100671671275,389.55653777745,1324.3969916122276,2882.6231427220273
2021,1972,1965.865990887468,359.1940279913359,1247.4779349047963,2684.2540468701395
2021,1973,1686.0285030229018,329.1729942552536,1027.6825145123944,2344.374491533409
2021,1974,1283.7459960838562,289.04127913269764,705.6634378184609,1861.8285543492516
2021,1975,1190.0089124981646,259.01576950498924,671.9773734881861,1708.0404515081432
2021,1976,1111.0742904163167,195.22512156501725,720.6240472862821,1501.5245335463512
2021,1977,1292.1830209984641,185.86556763975946,920.4518857189453,1663.914156277983
2021,1978,1143.2047008389445,151.34738122722572,840.5099383844931,1445.899463293396
2021,1979,1049.2758170807,127.74070772870282,793.7944016232944,1304.7572325381057
2021,1980,1242.8385990125748,121.80959190659665,999.2194151993815,1486.4577828257682
2021,1981,1905.341805760116,127.6748044216292,1649.9921969168574,2160.691414603374
2021,1982,2655.901095270201,154.68855315483341,2346.523988960534,2965.278201579868
2021,1983,3581.0357352732385,199.2873468748144,3182.4610415236098,3979.6104290228673
2021,1984,3729.0525550223224,204.35613230410524,3320.340290414112,4137.764819630533
2021,1985,4266.425945100189,206.75711062897048,3852.911723842248,4679.94016635813
2021,1986,4154.383797082413,183.23516042370926,3787.913476234995,4520.854117929832
2021,1987,4173.030753053646,161.20498220869646,3850.6207886362527,4495.440717471039
2021,1988,3929.9149473645384,135.6539512090868,3658.607044946365,4201.222849782712
2021,1989,3403.6650486776557,116.93630487214314,3169.7924389333693,3637.537658421942
2021,1990,2891.811451979835,106.12139007813465,2679.5686718235656,3104.0542321361045
2021,1991,2339.8520061756703,96.21801483909562,2147.4159764974793,2532.2880358538614
2021,1992,2217.2439869606565,83.39283788045013,2050.4583111997563,2384.0296627215566
2021,1993,2890.9504549033272,94.53682641319979,2701.8768020769276,3080.024107729727
2021,1994,3353.040817193869,106.92510722406335,3139.190602745742,3566.8910316419956
2021,1995,3584.9009781961136,111.25248256856051,3362.3960130589926,3807.4059433332345
2021,1996,3522.8617468921457,109.45321861892128,3303.955309654303,3741.768184129988
2021,1997,3427.7480845436753,109.50028923357264,3208.74750607653,3646.7486630108206
2021,1998,2916.052646852528,94.82669814458264,2726.399250563363,3105.7060431416935
2021,1999,3037.6118803876984,93.85391474099056,2849.904050905717,3225.3197098696796
2021,2000,2921.7784133436403,87.51082463815719,2746.756764067326,3096.8000626199546
2021,2001,2961.633355615918,88.52621760556718,2784.5809204047837,3138.685790827052
2021,2002,2755.028917985099,82.40257935374102,2590.223759277617,2919.8340766925808
2021,2003,2780.733438568522,78.3273663492212,2624.07870587008,2937.3881712669645
2021,2004,3074.569918985957,82.23828422879681,2910.0933505283633,3239.0464874435506
2021,2005,2709.04774956616,74.18718998363084,2560.6733695988983,2857.4221295334214
2021,2006,2484.0159946518565,72.2785235460089,2339.4589475598386,2628.5730417438745
2021,2007,2050.2021284261778,67.10489853154915,1915.9923313630795,2184.411925489276
2021,2008,1582.0840335618964,58.82232175578255,1464.4393900503312,1699.7286770734615
2021,2009,1675.841296541743,61.63371625565183,1552.5738640304394,1799.1087290530468
2021,2010,1712.5668328295606,62.18503880770853,1588.1967552141434,1836.9369104449777
2021,2011,2106.2717001751857,73.16091869036896,1959.9498627944479,2252.593537555924
2021,2012,2584.472638477259,89.60376971921949,2405.26509903882,2763.6801779156976
2021,2013,2964.7999217753427,107.78374290377992,2749.2324359677827,3180.3674075829026
2021,2014,2936.8385244411097,115.80858675675768,2705.2213509275944,3168.455697954625
2021,2015,2760.0980772325593,111.64898173379717,2536.800113764965,2983.3960407001537
2021,2016,3024.862509817683,124.01246844437247,2776.8375729289382,3272.887446706428
2021,2017,3420.4200221736396,153.3127954656235,3113.7944312423924,3727.045613104887
2021,2018,3168.588402715218,165.43975246360793,2837.708897788002,3499.4679076424336
2021,2019,3002.640033177987,193.98770559722115,2614.6646219835447,3390.615444372429
2021,2020,2265.699909534659,189.9051093466327,1885.8896908413938,2645.5101282279247
2021,2021,2152.7110757751666,255.92420397153904,1640.8626678320884,2664.559483718245
2022,1964,1313.0824490975324,271.7762651280818,769.5299188413688,1856.634979353696
2022,1965,1343.1696481302297,271.0662061777621,801.0372357747054,1885.3020604857538
2022,1966,1367.5340833323557,282.1621006261058,803.2098820801441,1931.8582845845674
2022,1967,1479.1681870912712,298.6780969818484,881.8119931275744,2076.524381054968
2022,1968,1645.7561323746386,336.25318131481566,973.2497697450073,2318.26249500427
2022,1969,1868.1835598454231,371.1745796894472,1125.8344004665287,2610.5327192243176
2022,1970,1980.6431383930162,376.08817794854156,1228.466782495933,2732.819494290099
2022,1971,2093.0004763582447,387.81152280916245,1317.3774307399199,2868.6235219765695
2022,1972,1956.4841922216146,357.4124023042431,1241.6593876131285,2671.308996830101
2022,1973,1677.447557150921,327.3948631129241,1022.6578309250729,2332.2372833767695
2022,1974,1275.795908712454,287.2923182506798,701.2112722110945,1850.3805452138135
2022,1975,1181.778965827083,257.06957886624247,667.6398080945982,1695.918123559568
2022,1976,1102.845368311003,193.21244514840077,716.4204780142015,1489.2702586078046
2022,1977,1281.3721372434356,183.40670483132396,914.5587275807877,1648.1855469060836
2022,1978,1131.391913106083,148.86062180148215,833.6706695031187,1429.1131567090472
2022,1979,1035.8375931250748,125.22617117857769,785.3852507679194,1286.2899354822302
2022,1980,1225.4354864748175,119.1213613399397,987.1927637949381,1463.6782091546968
2022,1981,1883.6159787691288,125.3029853448649,1633.010008079399,2134.2219494588585
2022,1982,2632.6361797930467,153.22027106008116,2326.1956376728845,2939.076721913209
2022,1983,3557.5969444849625,198.5574493505816,3160.482045783799,3954.711843186126
2022,1984,3707.897051717759,204.00836451973234,3299.8803226782943,4115.913780757223
2022,1985,4243.3044311639605,206.42215648120393,3830.4601182015526,4656.148744126368
2022,1986,4130.742316539496,182.64844376291387,3765.445429013668,4496.039204065323
2022,1987,4147.133745751899,160.08010956323847,3826.9735266254224,4467.293964878376
2022,1988,3902.4721335019167,134.0004392297222,3634.4712550424724,4170.473011961361
2022,1989,3376.0572490801314,115.01815714010256,3146.020934799926,3606.0935633603367
2022,1990,2863.6658291259996,104.0539718231964,2655.5578854796067,3071.7737727723925
2022,1991,2311.7033567920366,94.11335963284789,2123.4766375263407,2499.9300760577325
2022,1992,2190.649117938643,81.37661553680935,2027.8958868650243,2353.4023490122618
2022,1993,2862.4251346824717,92.45772058820087,2677.50969350607,3047.3405758588733
2022,1994,3322.7243669032555,104.7739681849228,3113.17643053341,3532.272303273101
2022,1995,3552.371452472166,108.98836331285827,3334.3947258464495,3770.348179097882
2022,1996,3489.697204892391,107.20313910239206,3275.2909266876068,3704.103483097175
2022,1997,3394.1340583169294,107.28482662266157,3179.5644050716064,3608.7037115622525
2022,1998,2886.015283413975,92.87187600193832,2700.2715314100983,3071.7590354178515
2022,1999,3007.0839560895133,91.92871011480203,2823.2265358599093,3190.9413763191174
2022,2000,2893.024749116054,85.74540490298492,2721.533939310084,3064.515558922024
2022,2001,2932.3590471011394,86.7664433670287,2758.826160367082,3105.8919338351966
2022,2002,2726.6979178036295,80.6840733137858,2565.329771176058,2888.066064431201
2022,2003,2752.7303924270104,76.61910271116108,2599.4921870046883,2905.9685978493326
2022,2004,3045.020037961415,80.44761411747018,2884.1248097264743,3205.9152661963553
2022,2005,2681.5361595635936,72.44388877624947,2536.648382011095,2826.4239371160925
2022,2006,2456.090766399495,70.37435161578931,2315.3420631679164,2596.8394696310734
2022,2007,2022.8700674075992,65.06682752098205,1892.736412365635,2153.003722449563
2022,2008,1556.564358931358,56.711981980203234,1443.1403949709515,1669.9883228917643
2022,2009,1647.9021646776903,59.077318911960326,1529.7475268537696,1766.056802501611
2022,2010,1683.4100684986417,59.3607441930877,1564.6885801124663,1802.1315568848172
2022,2011,2063.9719926036446,69.00766850794115,1925.9566555877623,2201.987329619527
2022,2012,2520.520164830407,83.17357110424832,2354.17302262191,2686.8673070389036
2022,2013,2879.790248209093,98.85545250851456,2682.079343192064,3077.5011532261224
2022,2014,2841.920178749357,105.04754826075815,2631.825082227841,3052.015275270873
2022,2015,2663.0469033198597,99.12696734176065,2464.792968636338,2861.300838003381
2022,2016,2936.7338937829563,107.4976514356324,2721.7385909116915,3151.729196654221
2022,2017,3379.687704624278,130.9673922613582,3117.7529201015614,3641.6224891469947
2022,2018,3195.4382963793155,140.62563532823643,2914.1870257228425,3476.6895670357885
2022,2019,3093.7501160769116,163.40295952863195,2766.9441970196476,3420.5560351341755
2022,2020,2388.9181969613746,158.8974297442339,2071.1233374729068,2706.7130564498425
2022,2021,2598.5524185214117,237.59502178663104,2123.3623749481494,3073.742462094674
2022,2022,3613.433142772812,442.03563541278476,2729.3618719472424,4497.504413598382
2023,1964,1315.5263688767643,271.8929853508894,771.7403981749856,1859.312339578543
2023,1965,1346.404700606508,271.3254782748979,803.7537440567122,1889.0556571563038
2023,1966,1370.9186552262834,282.44730821109073,806.0240388041019,1935.8132716484647
2023,1967,1482.2972686252883,298.89050132127545,884.5162659827374,2080.0782712678392
2023,1968,1648.5119713778315,336.4332542436937,975.6454628904442,2321.3784798652187
2023,1969,1870.7357970436224,371.38539118580843,1127.9650146720055,2613.5065794152392
2023,1970,1983.1075346414436,376.35183719146846,1230.4038602585067,2735.8112090243803
2023,1971,2095.6147097247404,388.13990195023797,1319.3349058242643,2871.8945136252164
2023,1972,1959.2683505588313,357.7781124275861,1243.7121257036592,2674.8245754140034
2023,1973,1680.4963203584894,327.7882194786402,1024.9198814012088,2336.07275931577
2023,1974,1279.062922014176,287.72056427218916,703.6217934697976,1854.5040505585544
2023,1975,1185.6938717416804,257.6457351258206,670.4024014900392,1700.9853419933215
2023,1976,1107.3138821190614,193.92058288268194,719.4727163536975,1495.1550478844254
2023,1977,1288.0874791160845,184.43935305231054,919.2087730114634,1656.9661852207055
2023,1978,1139.491301861091,150.0493144429786,839.3926729751338,1439.5899307470481
2023,1979,1045.9791515321162,126.6067152272609,792.7657210775944,1299.192581986638
2023,1980,1240.244457760663,120.86844282841936,998.5075721038243,1481.9813434175016
2023,1981,1906.6844519396038,127.83944672807102,1651.0055584834618,2162.363345395746
2023,1982,2662.3583324301953,156.69774659213186,2348.9628392459317,2975.753825614459
2023,1983,3588.785610114222,202.72694693222405,3183.3317162497738,3994.23950397867
2023,1984,3730.939548016705,207.51097698454498,3315.9175940476152,4145.961501985795
2023,1985,4257.435548574327,208.89913823167993,3839.6372721109674,4675.233825037687
2023,1986,4136.68612010545,183.91760194955864,3768.8509162063324,4504.521324004567
2023,1987,4145.831740420158,160.35950970073154,3825.112721018695,4466.550759821621
2023,1988,3895.90710774641,133.6088256820939,3628.689456382222,4163.124759110598
2023,1989,3366.2880493654725,114.25006206899653,3137.7879252274793,3594.7881735034657
2023,1990,2851.689766123435,103.08582425565847,2645.518117612118,3057.8614146347522
2023,1991,2298.526841118809,93.06805727098923,2112.3907265768307,2484.6629556607872
2023,1992,2177.419709577485,80.34360948460551,2016.7324906082738,2338.1069285466956
2023,1993,2847.5168011177243,91.35284203354827,2664.8111170506277,3030.222485184821
2023,1994,3306.430070765747,103.59706659273499,3099.235937580277,3513.624203951217
2023,1995,3534.5209063397565,107.72205697899417,3319.076792381768,3749.965020297745
2023,1996,3471.2281248076088,105.92307302632253,3259.3819787549637,3683.074270860254
2023,1997,3375.221955275204,106.00604032544432,3163.2098746243155,3587.2340359260925
2023,1998,2869.015790192433,91.73234435504456,2685.551101482344,3052.480478902522
2023,1999,2989.7200764272675,90.7965576256552,2808.126961175957,3171.313191678578
2023,2000,2876.6712982550976,84.70508128013553,2707.2611356948264,3046.0814608153687
2023,2001,2915.7699575092497,85.73059477860672,2744.3087679520363,3087.231147066463
2023,2002,2710.710848842371,79.67162332786533,2551.3676021866404,2870.0540954981016
2023,2003,2736.985645370326,75.59984307965128,2585.7859592110235,2888.1853315296285
2023,2004,3028.457807082785,79.35664041239671,2869.7445262579918,3187.1710879075786
2023,2005,2666.1488690767683,71.36828696642591,2523.4122951439163,2808.8854430096203
2023,2006,2440.4677089321285,69.1919743295104,2302.0837602731076,2578.8516575911494
2023,2007,2007.6224175070022,63.80014061274972,1880.0221362815028,2135.2226987325016
2023,2008,1542.4441087154764,55.41590775728297,1431.6122932009105,1653.2759242300424
2023,2009,1632.8618894138665,57.60579369198373,1517.650302029899,1748.073476797834
2023,2010,1668.404574390195,57.86199009983368,1552.6805941905277,1784.1285545898622
2023,2011,2044.1440938446785,66.968080216598,1910.2079334114826,2178.0802542778747
2023,2012,2493.1200287567467,80.24446277873547,2332.631103199276,2653.6089543142175
2023,2013,2844.6247923328665,95.03013874683857,2654.5645148391895,3034.6850698265434
2023,2014,2802.248528590628,100.49674703520601,2601.255034520216,3003.24202266104
2023,2015,2615.8264003858094,93.17701311455838,2429.4723741566927,2802.180426614926
2023,2016,2876.618203970163,98.05738972077944,2680.5034245286042,3072.7329834117218
2023,2017,3324.747866902363,116.47179613141125,3091.8042746395404,3557.6914591651857
2023,2018,3167.2259430347303,123.57751199362656,2920.070919047477,3414.3809670219835
2023,2019,3078.5339392522633,142.06195276025835,2794.410033731747,3362.6578447727798
2023,2020,2353.9590376814313,136.78489965063986,2080.3892383801517,2627.528836982711
2023,2021,2413.322384567379,184.55987621886086,2044.202632129657,2782.4421370051004
2023,2022,3145.5465330859615,313.75065554823493,2518.0452219894914,3773.0478441824316
2023,2023,2995.661238640292,355.85957697011474,2283.942084700063,3707.3803925805214
2024,1964,1310.4159398065108,270.9883745243121,768.4391907578865,1852.392688855135
2024,1965,1341.1080936986855,270.4256717532245,800.2567501922365,1881.9594372051345
2024,1966,1365.4026496302918,281.52189323787087,802.35886315455,1928.4464361060336
2024,1967,1476.3842386922997,297.9376523492807,880.5089339937383,2072.259543390861
2024,1968,1642.0248943416912,335.4359434198284,971.1530075020344,2312.896781181348
2024,1969,1863.719467126593,370.33437051401654,1123.0507260985598,2604.3882081546262
2024,1970,1975.992963279284,375.267846459029,1225.457270361226,2726.5286561973417
2024,1971,2088.1389019652534,386.9172469856229,1314.3044079940075,2861.9733959364994
2024,1972,1951.798550639385,356.4298159989222,1238.9389186415406,2664.6581826372294
2024,1973,1672.8815260201936,326.3861094277051,1020.1093071647834,2325.653744875604
2024,1974,1271.462040236393,286.34263669649687,698.7767668433993,1844.1473136293866
2024,1975,1177.7330899499905,256.1832232265507,665.3666434968891,1690.0995364030919
2024,1976,1100.0212857996555,192.65429878938397,714.7126882208876,1485.3298833784233
2024,1977,1279.717394801035,183.4432613705707,912.8308720598936,1646.6039175421763
2024,1978,1131.304971635472,149.4943610025493,832.3162496303732,1430.2936936405706
2024,1979,1037.3800211375524,126.55775765086665,784.2645058358191,1290.4955364392856
2024,1980,1228.9471886121173,121.57749007735954,985.7922084573983,1472.1021687668365
2024,1981,1886.1318381596393,129.62989374767292,1626.8720506642935,2145.391625654985
2024,1982,2628.3273951141855,158.61204239076812,2311.103310332649,2945.551479895722
2024,1983,3535.682789215731,203.67963566035175,3128.3235178950276,3943.0420605364347
2024,1984,3672.6092285481063,207.36387855587975,3257.881471436347,4087.3369856598656
2024,1985,4200.453048660274,208.06859402975968,3784.315860600755,4616.590236719794
2024,1986,4091.8021656771757,182.96063655979242,3725.880892557591,4457.72343879676
2024,1987,4111.654025860536,159.28121245067422,3793.091600959188,4430.2164507618845
2024,1988,3871.7174712559886,132.5121642141442,3606.6931428277003,4136.741799684277
2024,1989,3349.6330433037565,113.28356476629719,3123.0659137711623,3576.2001728363507
2024,1990,2839.762183386234,102.25712671231067,2635.2479299616125,3044.2764368108556
2024,1991,2290.038210410897,92.35693051391658,2105.324349383064,2474.75207143873
2024,1992,2171.4060735841945,79.72866101022835,2011.9487515637377,2330.863395604651
2024,1993,2842.3379376053776,90.79233946449935,2660.753258676379,3023.922616534376
2024,1994,3301.1979313706656,103.05212587731143,3095.0936796160427,3507.3021831252886
2024,1995,3528.90368873957,107.16184430240119,3314.5800001347675,3743.2273773443726
2024,1996,3465.516326427016,105.37359537488283,3254.7691356772502,3676.2635171767815
2024,1997,3369.5028521554086,105.47002730223629,3158.562797550936,3580.442906759881
2024,1998,2864.009387419582,91.25822067386703,2681.4929460718477,3046.525828767316
2024,1999,2984.730754295578,90.32453129832695,2804.0816916989243,3165.379816892232
2024,2000,2872.022541139801,84.2681616948059,2703.486217750189,3040.558864529413
2024,2001,2911.062844831815,85.2899405198502,2740.4829637921143,3081.6427258715153
2024,2002,2706.142173161206,79.23560576352389,2547.670961634158,2864.6133846882535
2024,2003,2732.4051817173236,75.16240224173917,2582.0803772338454,2882.7299862008017
2024,2004,3023.5135763701105,78.8980687896196,2865.7174387908713,3181.3097139493498
2024,2005,2661.483215597707,70.92589717591002,2519.631421245887,2803.335009949527
2024,2006,2435.7571896529507,68.72035467068189,2298.316480311587,2573.1978989943145
2024,2007,2003.0511466252087,63.31186732223465,1876.4274119807394,2129.674881269678
2024,2008,1538.3365682047186,54.9330834691583,1428.470401266402,1648.2027351430352
2024,2009,1629.0067872259324,57.084574915534915,1514.8376373948627,1743.175937057002
2024,2010,1665.024703779316,57.34103948513374,1550.3426248090486,1779.7067827495835
2024,2011,2039.953021594457,66.18498759696759,1907.5830464005217,2172.322996788392
2024,2012,2487.280732294239,78.97327974995854,2329.334172794322,2645.227291794156
2024,2013,2837.642195077463,93.28691479653676,2651.0683654843892,3024.2160246705366
2024,2014,2795.4758483865767,98.49707645572174,2598.481695475133,2992.47000129802
2024,2015,2610.651331852985,91.23058264301511,2428.1901665669548,2793.1124971390154
2024,2016,2871.8062700919827,95.53824699601275,2680.7297760999572,3062.882764084008
2024,2017,3321.050120122231,112.50489032386136,3096.040339474508,3546.059900769954
2024,2018,3168.019416148382,118.66332218979176,2930.6927717687986,3405.346060527965
2024,2019,3080.381647795441,134.96118920773213,2810.459269379977,3350.3040262109052
2024,2020,2380.9721923836487,128.61807379369552,2123.736044796258,2638.2083399710395
2024,2021,2593.4907095892913,181.07669149794663,2231.337326593398,2955.644092585185
2024,2022,3569.85083230174,317.0155604118319,2935.819711478076,4203.881953125404
2024,2023,3486.074707092189,362.17546520586325,2761.7237766804624,4210.425637503915
2024,2024,3526.2050389680985,436.43178766025477,2653.341463647589,4399.068614288608
